<?xml version="1.0" encoding="UTF-8"?>
<folder exportedWithPermissions="true">
    <name>/</name>
    <label>root</label>
    <description>Root of the folder hierarchy</description>
    <creationDate>2023-03-21T16:02:02.000Z</creationDate>
    <updateDate>2022-07-18T14:17:17.000Z</updateDate>
    <folder>reportes</folder>
    <folder>themes</folder>
    <folder>Z</folder>
    <permission>
        <permissionMask>1</permissionMask>
        <recipient recipientType="role">ROLE_ADMINISTRATOR</recipient>
    </permission>
    <permission>
        <permissionMask>2</permissionMask>
        <recipient recipientType="role">ROLE_USER</recipient>
    </permission>
</folder>
