<?xml version="1.0" encoding="UTF-8"?>
<user>
    <username>jasperadmin</username>
    <fullName>jasperadmin User</fullName>
    <password>ENC&lt;4A525349560000001096D232DC12B135C0D7767CC4A74CADF856F1A6092907CB8C7254016CE3FA3360&gt;</password>
    <email>user@example.com</email>
    <externallyDefined>false</externallyDefined>
    <enabled>true</enabled>
    <role>ROLE_ADMINISTRATOR</role>
    <role>ROLE_USER</role>
    <previousPasswordChangeTime>2022-07-18T14:20:36.000Z</previousPasswordChangeTime>
</user>
