<?xml version="1.0" encoding="UTF-8"?>
<folder exportedWithPermissions="true">
    <parent>/</parent>
    <name>themes</name>
    <label>Themes</label>
    <creationDate>2023-03-21T16:02:02.000Z</creationDate>
    <updateDate>2022-07-18T14:20:37.000Z</updateDate>
    <folder>default</folder>
    <folder>easy_access</folder>
    <folder>jasper_dark</folder>
    <folder>pods_summer</folder>
    <permission>
        <permissionMask>32</permissionMask>
        <recipient recipientType="role">ROLE_USER</recipient>
    </permission>
</folder>
