<?xml version="1.0" encoding="UTF-8"?>
<reportUnit exportedWithPermissions="true">
    <folder>/Z</folder>
    <name>cuenta_report</name>
    <version>34</version>
    <label>cuenta_report</label>
    <description></description>
    <creationDate>2023-03-21T16:31:10.000Z</creationDate>
    <updateDate>2023-03-21T18:54:49.000Z</updateDate>
    <mainReport>
        <localResource
            xmlns:xsi="http://www.w3.org/2001/XMLSchema-instance"
            exportedWithPermissions="false" dataFile="main_jrxml.data" xsi:type="fileResource">
            <folder>/Z/cuenta_report_files</folder>
            <name>main_jrxml</name>
            <version>53</version>
            <label>Main jrxml</label>
            <creationDate>2023-03-21T16:45:49.000Z</creationDate>
            <updateDate>2023-03-21T17:19:51.000Z</updateDate>
            <fileType>jrxml</fileType>
        </localResource>
    </mainReport>
    <dataSource>
        <localResource
            xmlns:xsi="http://www.w3.org/2001/XMLSchema-instance"
            exportedWithPermissions="false" xsi:type="jdbcDataSource">
            <folder>/Z/cuenta_report_files</folder>
            <name>cuenta_report_files</name>
            <version>1</version>
            <label>DB</label>
            <creationDate>2023-03-21T18:54:49.000Z</creationDate>
            <updateDate>2023-03-21T18:54:49.000Z</updateDate>
            <driver>org.postgresql.Driver</driver>
            <connectionUrl>jdbc:postgresql://192.168.1.107:5432/erp_carla</connectionUrl>
            <connectionUser>postgres</connectionUser>
            <connectionPassword>ENC&lt;4A525349560000001078A3AB5A95C0A370D61CB6BDBA9D02186FD9EAC8640E78687264840DB5EE92F6&gt;</connectionPassword>
            <timezone></timezone>
        </localResource>
    </dataSource>
    <inputControl>
        <localResource
            xmlns:xsi="http://www.w3.org/2001/XMLSchema-instance"
            exportedWithPermissions="false" xsi:type="inputControl">
            <folder>/Z/cuenta_report_files</folder>
            <name>idUsuario</name>
            <version>6</version>
            <label>idUsuario</label>
            <creationDate>2023-03-21T17:19:51.000Z</creationDate>
            <updateDate>2023-03-21T17:19:51.000Z</updateDate>
            <type>2</type>
            <mandatory>false</mandatory>
            <readOnly>false</readOnly>
            <visible>true</visible>
            <dataType>
                <localResource exportedWithPermissions="false" xsi:type="dataType">
                    <folder>/Z/cuenta_report_files/idUsuario_files</folder>
                    <name>myDatatype</name>
                    <version>0</version>
                    <label>myDatatype</label>
                    <creationDate>2023-03-21T17:19:51.000Z</creationDate>
                    <updateDate>2023-03-21T17:19:51.000Z</updateDate>
                    <type>1</type>
                    <strictMin>false</strictMin>
                    <strictMax>false</strictMax>
                </localResource>
            </dataType>
        </localResource>
    </inputControl>
    <inputControl>
        <localResource
            xmlns:xsi="http://www.w3.org/2001/XMLSchema-instance"
            exportedWithPermissions="false" xsi:type="inputControl">
            <folder>/Z/cuenta_report_files</folder>
            <name>idEmpresa</name>
            <version>6</version>
            <label>idEmpresa</label>
            <creationDate>2023-03-21T17:19:51.000Z</creationDate>
            <updateDate>2023-03-21T17:19:51.000Z</updateDate>
            <type>2</type>
            <mandatory>false</mandatory>
            <readOnly>false</readOnly>
            <visible>true</visible>
            <dataType>
                <localResource exportedWithPermissions="false" xsi:type="dataType">
                    <folder>/Z/cuenta_report_files/idEmpresa_files</folder>
                    <name>myDatatype</name>
                    <version>0</version>
                    <label>myDatatype</label>
                    <creationDate>2023-03-21T17:19:51.000Z</creationDate>
                    <updateDate>2023-03-21T17:19:51.000Z</updateDate>
                    <type>1</type>
                    <strictMin>false</strictMin>
                    <strictMax>false</strictMax>
                </localResource>
            </dataType>
        </localResource>
    </inputControl>
    <inputControlRenderingView></inputControlRenderingView>
    <reportRenderingView></reportRenderingView>
    <alwaysPromptControls>false</alwaysPromptControls>
    <controlsLayout>4</controlsLayout>
</reportUnit>
