<?xml version="1.0" encoding="UTF-8"?>
<reportUnit exportedWithPermissions="true">
    <folder>/Z</folder>
    <name>empresa_report</name>
    <version>14</version>
    <label>empresa_report</label>
    <description></description>
    <creationDate>2023-03-21T17:47:46.000Z</creationDate>
    <updateDate>2023-03-21T18:53:03.000Z</updateDate>
    <mainReport>
        <localResource
            xmlns:xsi="http://www.w3.org/2001/XMLSchema-instance"
            exportedWithPermissions="false" dataFile="main_jrxml.data" xsi:type="fileResource">
            <folder>/Z/empresa_report_files</folder>
            <name>main_jrxml</name>
            <version>5</version>
            <label>Main jrxml</label>
            <creationDate>2023-03-21T17:58:05.000Z</creationDate>
            <updateDate>2023-03-21T17:58:40.000Z</updateDate>
            <fileType>jrxml</fileType>
        </localResource>
    </mainReport>
    <dataSource>
        <localResource
            xmlns:xsi="http://www.w3.org/2001/XMLSchema-instance"
            exportedWithPermissions="false" xsi:type="jdbcDataSource">
            <folder>/Z/empresa_report_files</folder>
            <name>empresa_report_files</name>
            <version>1</version>
            <label>DB2</label>
            <creationDate>2023-03-21T18:01:07.000Z</creationDate>
            <updateDate>2023-03-21T18:01:07.000Z</updateDate>
            <driver>org.postgresql.Driver</driver>
            <connectionUrl>jdbc:postgresql://192.168.1.107:5432/erp_carla</connectionUrl>
            <connectionUser>postgres</connectionUser>
            <connectionPassword>ENC&lt;4A525349560000001086DA9075ADEAF2D942FB2D0304B00490D44D7563331BD4ABFC79ECDC1DA7B5A3&gt;</connectionPassword>
            <timezone></timezone>
        </localResource>
    </dataSource>
    <inputControl>
        <localResource
            xmlns:xsi="http://www.w3.org/2001/XMLSchema-instance"
            exportedWithPermissions="false" xsi:type="inputControl">
            <folder>/Z/empresa_report_files</folder>
            <name>idUsuario</name>
            <version>3</version>
            <label>idUsuario</label>
            <creationDate>2023-03-21T17:58:40.000Z</creationDate>
            <updateDate>2023-03-21T17:58:40.000Z</updateDate>
            <type>2</type>
            <mandatory>false</mandatory>
            <readOnly>false</readOnly>
            <visible>true</visible>
            <dataType>
                <localResource exportedWithPermissions="false" xsi:type="dataType">
                    <folder>/Z/empresa_report_files/idUsuario_files</folder>
                    <name>myDatatype</name>
                    <version>0</version>
                    <label>myDatatype</label>
                    <creationDate>2023-03-21T17:58:40.000Z</creationDate>
                    <updateDate>2023-03-21T17:58:40.000Z</updateDate>
                    <type>2</type>
                    <strictMin>false</strictMin>
                    <strictMax>false</strictMax>
                </localResource>
            </dataType>
        </localResource>
    </inputControl>
    <inputControlRenderingView></inputControlRenderingView>
    <reportRenderingView></reportRenderingView>
    <alwaysPromptControls>false</alwaysPromptControls>
    <controlsLayout>4</controlsLayout>
</reportUnit>
