<?xml version="1.0" encoding="UTF-8"?>
<reportUnit exportedWithPermissions="true">
    <folder>/Z</folder>
    <name>periodo_report</name>
    <version>5</version>
    <label>periodo_report</label>
    <description></description>
    <creationDate>2023-03-21T18:34:49.000Z</creationDate>
    <updateDate>2023-03-21T18:50:13.000Z</updateDate>
    <mainReport>
        <localResource
            xmlns:xsi="http://www.w3.org/2001/XMLSchema-instance"
            exportedWithPermissions="false" dataFile="main_jrxml.data" xsi:type="fileResource">
            <folder>/Z/periodo_report_files</folder>
            <name>main_jrxml</name>
            <version>3</version>
            <label>Main jrxml</label>
            <creationDate>2023-03-21T18:35:40.000Z</creationDate>
            <updateDate>2023-03-21T18:37:31.000Z</updateDate>
            <fileType>jrxml</fileType>
        </localResource>
    </mainReport>
    <dataSource>
        <localResource
            xmlns:xsi="http://www.w3.org/2001/XMLSchema-instance"
            exportedWithPermissions="false" xsi:type="jdbcDataSource">
            <folder>/Z/periodo_report_files</folder>
            <name>periodo_report_files</name>
            <version>1</version>
            <label>DB5</label>
            <creationDate>2023-03-21T18:38:44.000Z</creationDate>
            <updateDate>2023-03-21T18:38:44.000Z</updateDate>
            <driver>org.postgresql.Driver</driver>
            <connectionUrl>jdbc:postgresql://192.168.1.107:5432/erp_carla</connectionUrl>
            <connectionUser>postgres</connectionUser>
            <connectionPassword>ENC&lt;4A5253495600000010E272489FA068B58F6846EE70035EDB1E7F1BC8F9E0521D62F8A075376C8299FD&gt;</connectionPassword>
            <timezone></timezone>
        </localResource>
    </dataSource>
    <inputControl>
        <localResource
            xmlns:xsi="http://www.w3.org/2001/XMLSchema-instance"
            exportedWithPermissions="false" xsi:type="inputControl">
            <folder>/Z/periodo_report_files</folder>
            <name>IdUsuario</name>
            <version>3</version>
            <label>IdUsuario</label>
            <creationDate>2023-03-21T18:37:31.000Z</creationDate>
            <updateDate>2023-03-21T18:37:31.000Z</updateDate>
            <type>2</type>
            <mandatory>false</mandatory>
            <readOnly>false</readOnly>
            <visible>true</visible>
            <dataType>
                <localResource exportedWithPermissions="false" xsi:type="dataType">
                    <folder>/Z/periodo_report_files/IdUsuario_files</folder>
                    <name>myDatatype</name>
                    <version>0</version>
                    <label>myDatatype</label>
                    <creationDate>2023-03-21T18:37:31.000Z</creationDate>
                    <updateDate>2023-03-21T18:37:31.000Z</updateDate>
                    <type>2</type>
                    <strictMin>false</strictMin>
                    <strictMax>false</strictMax>
                </localResource>
            </dataType>
        </localResource>
    </inputControl>
    <inputControl>
        <localResource
            xmlns:xsi="http://www.w3.org/2001/XMLSchema-instance"
            exportedWithPermissions="false" xsi:type="inputControl">
            <folder>/Z/periodo_report_files</folder>
            <name>IdEmpresa</name>
            <version>3</version>
            <label>IdEmpresa</label>
            <creationDate>2023-03-21T18:37:31.000Z</creationDate>
            <updateDate>2023-03-21T18:37:31.000Z</updateDate>
            <type>2</type>
            <mandatory>false</mandatory>
            <readOnly>false</readOnly>
            <visible>true</visible>
            <dataType>
                <localResource exportedWithPermissions="false" xsi:type="dataType">
                    <folder>/Z/periodo_report_files/IdEmpresa_files</folder>
                    <name>myDatatype</name>
                    <version>0</version>
                    <label>myDatatype</label>
                    <creationDate>2023-03-21T18:37:31.000Z</creationDate>
                    <updateDate>2023-03-21T18:37:31.000Z</updateDate>
                    <type>2</type>
                    <strictMin>false</strictMin>
                    <strictMax>false</strictMax>
                </localResource>
            </dataType>
        </localResource>
    </inputControl>
    <inputControl>
        <localResource
            xmlns:xsi="http://www.w3.org/2001/XMLSchema-instance"
            exportedWithPermissions="false" xsi:type="inputControl">
            <folder>/Z/periodo_report_files</folder>
            <name>IdGestion</name>
            <version>3</version>
            <label>IdGestion</label>
            <creationDate>2023-03-21T18:37:31.000Z</creationDate>
            <updateDate>2023-03-21T18:37:31.000Z</updateDate>
            <type>2</type>
            <mandatory>false</mandatory>
            <readOnly>false</readOnly>
            <visible>true</visible>
            <dataType>
                <localResource exportedWithPermissions="false" xsi:type="dataType">
                    <folder>/Z/periodo_report_files/IdGestion_files</folder>
                    <name>myDatatype</name>
                    <version>0</version>
                    <label>myDatatype</label>
                    <creationDate>2023-03-21T18:37:31.000Z</creationDate>
                    <updateDate>2023-03-21T18:37:31.000Z</updateDate>
                    <type>2</type>
                    <strictMin>false</strictMin>
                    <strictMax>false</strictMax>
                </localResource>
            </dataType>
        </localResource>
    </inputControl>
    <inputControlRenderingView></inputControlRenderingView>
    <reportRenderingView></reportRenderingView>
    <alwaysPromptControls>false</alwaysPromptControls>
    <controlsLayout>4</controlsLayout>
</reportUnit>
