<?xml version="1.0" encoding="UTF-8"?>
<reportUnit exportedWithPermissions="true">
    <folder>/Z</folder>
    <name>gestion_report</name>
    <version>9</version>
    <label>gestion_report</label>
    <description></description>
    <creationDate>2023-03-21T18:08:07.000Z</creationDate>
    <updateDate>2023-03-21T18:52:03.000Z</updateDate>
    <mainReport>
        <localResource
            xmlns:xsi="http://www.w3.org/2001/XMLSchema-instance"
            exportedWithPermissions="false" dataFile="main_jrxml.data" xsi:type="fileResource">
            <folder>/Z/gestion_report_files</folder>
            <name>main_jrxml</name>
            <version>10</version>
            <label>Main jrxml</label>
            <creationDate>2023-03-21T18:08:07.000Z</creationDate>
            <updateDate>2023-03-21T18:23:03.000Z</updateDate>
            <fileType>jrxml</fileType>
        </localResource>
    </mainReport>
    <dataSource>
        <localResource
            xmlns:xsi="http://www.w3.org/2001/XMLSchema-instance"
            exportedWithPermissions="false" xsi:type="jdbcDataSource">
            <folder>/Z/gestion_report_files</folder>
            <name>gestion_report_files</name>
            <version>2</version>
            <label>DB3</label>
            <creationDate>2023-03-21T18:24:28.000Z</creationDate>
            <updateDate>2023-03-21T18:24:28.000Z</updateDate>
            <driver>org.postgresql.Driver</driver>
            <connectionUrl>jdbc:postgresql://192.168.1.107:5432/erp_carla</connectionUrl>
            <connectionUser>postgres</connectionUser>
            <connectionPassword>ENC&lt;4A5253495600000010CD00EF2ABA5A4D8644089F86CDC2CCFFDF7F8A35030FDC3AA1E3852ABE82042B&gt;</connectionPassword>
            <timezone></timezone>
        </localResource>
    </dataSource>
    <inputControl>
        <localResource
            xmlns:xsi="http://www.w3.org/2001/XMLSchema-instance"
            exportedWithPermissions="false" xsi:type="inputControl">
            <folder>/Z/gestion_report_files</folder>
            <name>idEmpresa</name>
            <version>3</version>
            <label>idEmpresa</label>
            <creationDate>2023-03-21T18:23:03.000Z</creationDate>
            <updateDate>2023-03-21T18:23:03.000Z</updateDate>
            <type>2</type>
            <mandatory>false</mandatory>
            <readOnly>false</readOnly>
            <visible>true</visible>
            <dataType>
                <localResource exportedWithPermissions="false" xsi:type="dataType">
                    <folder>/Z/gestion_report_files/idEmpresa_files</folder>
                    <name>myDatatype</name>
                    <version>0</version>
                    <label>myDatatype</label>
                    <creationDate>2023-03-21T18:23:03.000Z</creationDate>
                    <updateDate>2023-03-21T18:23:03.000Z</updateDate>
                    <type>2</type>
                    <strictMin>false</strictMin>
                    <strictMax>false</strictMax>
                </localResource>
            </dataType>
        </localResource>
    </inputControl>
    <inputControl>
        <localResource
            xmlns:xsi="http://www.w3.org/2001/XMLSchema-instance"
            exportedWithPermissions="false" xsi:type="inputControl">
            <folder>/Z/gestion_report_files</folder>
            <name>idUsuario</name>
            <version>3</version>
            <label>idUsuario</label>
            <creationDate>2023-03-21T18:23:03.000Z</creationDate>
            <updateDate>2023-03-21T18:23:03.000Z</updateDate>
            <type>2</type>
            <mandatory>false</mandatory>
            <readOnly>false</readOnly>
            <visible>true</visible>
            <dataType>
                <localResource exportedWithPermissions="false" xsi:type="dataType">
                    <folder>/Z/gestion_report_files/idUsuario_files</folder>
                    <name>myDatatype</name>
                    <version>0</version>
                    <label>myDatatype</label>
                    <creationDate>2023-03-21T18:23:03.000Z</creationDate>
                    <updateDate>2023-03-21T18:23:03.000Z</updateDate>
                    <type>2</type>
                    <strictMin>false</strictMin>
                    <strictMax>false</strictMax>
                </localResource>
            </dataType>
        </localResource>
    </inputControl>
    <inputControlRenderingView></inputControlRenderingView>
    <alwaysPromptControls>false</alwaysPromptControls>
    <controlsLayout>4</controlsLayout>
</reportUnit>
