<?xml version="1.0" encoding="UTF-8"?>
<export><property name="keyalias" value="0bd1f1a2-c092-4da7-a8dd-727951b985f0"/><module id="repositoryResources"><folder>/Z</folder></module><module id="reportJobs"/><module id="favorites"/><property name="pathProcessorId" value="zip"/><property name="rootTenantId" value="organizations"/><property name="jsVersion" value="8.1.0 CE"/><property name="encrypted" value="4A5253495600000010DFC0496BBD982696A0EFBEBC5CEC0A193766A1DA079F63777C09000B31DB89D0"/></export>